code;name;Код зони за ДБН головний;Код зони за ДСТУ головний;Код зони за ДБН другорядний;Код зони за ДСТУ другорядний;Код землі основний;Код основний;Код землі другорядний;Код другорядний
1110.1;Будинки одноквартирні масової забудови;Ж-1;Ж-1;"С-2;Г-2;Г-4;Г-4-4;ТР-1;ТР-1-1;ТР-1-2;Р-1;Р-1-1";"С-4;Г-3;ТР-1;ТР-2;Р-1;ПЗФ";"02.01;02.02";"1.8;1.9";"03.04;03.06;09.01;09.02;12.01;15.01;15.02;15.03;15.04;15.05;15.06;15.07;15.08;15.09;15.10";"1.12.6;1.12.8;1.19;5.1;1.14;1.14.1;3.2;3.2.1;1.12.2;3.3"
1110.2;Котеджі та будинки одноквартирні підвищеної комфортності;Ж-1;Ж-1;"С-2;Г-2;Г-4;Г-4-4;ТР-1;ТР-1-1;ТР-1-2;Р-1;Р-1-1";"С-4;Г-3;ТР-1;ТР-2;Р-1;ПЗФ";"02.01;02.02";"1.8;1.9";"03.04;03.06;09.01;09.02;12.01;15.01;15.02;15.03;15.04;15.05;15.06;15.07;15.08;15.09;15.10";"1.12.6;1.12.8;1.19;5.1;1.14;1.14.1;3.2;3.2.1;1.12.2;3.3"
1110.3;Будинки садибного типу;Ж-1;Ж-1;С-2;С-4;"02.01;02.02";"1.8;1.9";"03.06;15.01;15.02;15.03;15.04;15.05;15.06;15.07;15.08;15.09;15.10";"1.12.8;1.12.2;3.3"
1110.4;Будинки дачні та садові;Р-4;Р-4;;;"01.05;01.06;07.03;07.04";"1.2;2.2;1.8;1.9";;
1121.1;Будинки двоквартирні масової забудови;Ж-1;Ж-1;"С-2;Г-2;Г-4;Г-4-4;ТР-1;ТР-1-1;ТР-1-2;Р-1;Р-1-1";"С-4;Г-3;ТР-1;ТР-2;Р-1;ПЗФ";02.02;1.9;"03.04;03.06;09.01;09.02;12.01;15.01;15.02;15.03;15.04;15.05;15.06;15.07;15.08;15.09;15.10";"1.12.6;1.12.8;1.19;5.1;1.14;1.14.1;3.2;3.2.1;1.12.2;3.3"
1121.2;Котеджі та будинки двоквартирні підвищеної комфортності;Ж-1;Ж-1;"С-2;Г-2;Г-4;Г-4-4;ТР-1;ТР-1-1;ТР-1-2;Р-1;Р-1-1";"С-4;Г-3;ТР-1;ТР-2;Р-1;ПЗФ";02.02;1.9;"03.04;03.06;09.01;09.02;12.01;15.01;15.02;15.03;15.04;15.05;15.06;15.07;15.08;15.09;15.10";"1.12.6;1.12.8;1.19;5.1;1.14;1.14.1;3.2;3.2.1;1.12.2;3.3"
1122.1;Будинки багатоквартирні масової забудови;"Ж-3;Ж-3-1;Ж- 3-2;Ж-4;Ж- 4-1;Ж-4-2;Ж-4-3;Ж-5;Ж-5-1;Ж- 5-2;Ж-5-3;Ж-5-4;Ж-6;Ж-6-1;Ж-6-2;Ж-7";"Ж-3;Ж-4";"Ж-2;С-2";"Ж-2;С-4";"02.03;02.10";"1.9;1.13.2;1.13.3";"15.01;15.02;15.03;15.04;15.05;15.06;15.07;15.08;15.09;15.10";"1.12.2;3.3"
1122.2;Будинки багатоквартирні підвищеної комфортності, індивідуальні;"Ж-3;Ж-3-1;Ж- 3-2;Ж-4;Ж- 4-1;Ж-4-2;Ж-4-3;Ж-5;Ж-5-1;Ж- 5-2;Ж-5-3;Ж-5-4;Ж-6;Ж-6-1;Ж-6-2;Ж-7";"Ж-3;Ж-4";"Ж-2;Г-1;Г-2;С-2";"Ж-2;С-4";"02.03;02.10";"1.9;1.13.2;1.13.3";"03.06;15.01;15.02;15.03;15.04;15.05;15.06;15.07;15.08;15.09;15.10";"1.12.8;1.12.2;3.3"
1122.3;Будинки житлові готельного типу;"Ж-3;Ж-3-1;Ж- 3-2;Ж-4;Ж- 4-1;Ж-4-2;Ж-4-3;Ж-5;Ж-5-1;Ж- 5-2;Ж-5-3;Ж-5-4;Ж-6;Ж-6-1;Ж-6-2;Ж-7";"Ж-3;Ж-4";"С-2;Г-2;Г-4;Г-4-4";"С-4;Г-3";"02.03;02.10";"1.9;1.13.2;1.13.3";"03.04;03.06;15.01;15.02;15.03;15.04;15.05;15.06;15.07;15.08;15.09;15.10";"1.12.6;1.12.8;1.12.2;3.3"
1130.1;Гуртожитки для робітників та службовців;"Ж-3;Ж-3-1;Ж- 3-2;Ж-4;Ж- 4-1;Ж-4-2;Ж-4-3;Ж-5;Ж-5-1;Ж- 5-2;Ж-5-3;Ж-5-4;Ж-6;Ж-6-1;Ж-6-2;Ж-7";"Ж-3;Ж-4";"Г-2;Г-3;Г-4;Г-4-4;Г-5;Г-5-1;Г-5-2;Г-5-3;С-2";"Г-2;Г-3;Г-4;С-4";02.04;1.9;"03.01;03.02;03.03;03.04;03.06;03.11;15.01;15.02;15.03;15.04;15.05;15.06;15.07;15.08;15.09;15.10";"1.12.1;1.12.3;1.12.5;1.12.6;1.12.8;1.11.5;1.12.2;3.3"
1130.2;Гуртожитки для студентів вищих навчальних закладів;"Г-3;Ж-3;Ж-3-1;Ж- 3-2;Ж-4;Ж- 4-1;Ж-4-2;Ж-4-3;Ж-5;Ж-5-1;Ж- 5-2;Ж-5-3;Ж-5-4;Ж-6;Ж-6-1;Ж-6-2;Ж-7";"Г-2;Ж-3;Ж-4";С-2;С-4;"03.02;02.04";"1.12.3;1.9";"15.01;15.02;15.03;15.04;15.05;15.06;15.07;15.08;15.09;15.10";"1.12.2;3.3"
1130.3;Гуртожитки для учнів навчальних закладів;"Г-3;Ж-3;Ж-3-1;Ж- 3-2;Ж-4;Ж- 4-1;Ж-4-2;Ж-4-3;Ж-5;Ж-5-1;Ж- 5-2;Ж-5-3;Ж-5-4;Ж-6;Ж-6-1;Ж-6-2;Ж-7";"Г-2;Ж-3;Ж-4";С-2;С-4;"03.02;02.04";"1.12.3;1.9";"15.01;15.02;15.03;15.04;15.05;15.06;15.07;15.08;15.09;15.10";"1.12.2;3.3"
1130.4;Будинки-інтернати для людей похилого віку та інвалідів;Г-5-2;Г-4;"Г-2;Г-5";Г-4;"03.03;02.04";1.12.5;;
1130.5;Будинки дитини та сирітські будинки;Г-5-2;Г-4;"Г-2;Г-5";Г-4;"03.03;02.04";1.12.5;;
1130.6;Будинки для біженців, притулки для бездомних;;;"Г-5;Г-5-2";Г-4;"03.03;02.04";1.12.5;;
1130.9;Будинки для колективного проживання інші;;;"Ж-2;Ж-3;Ж-3-1;Ж- 3-2;Ж-4;Ж- 4-1;Ж-4-2;Ж-4-3;Ж-5;Ж-5-1;Ж- 5-2;Ж-5-3;Ж-5-4;Ж-6;Ж-6-1;Ж-6-2;Ж-7;С-2";"Ж-2;Ж-3;Ж-4;С-4";;;"02.03;02.10;03.06;15.01;15.02;15.03;15.04;15.05;15.06;15.07;15.08;15.09;15.10";"1.9;1.13.2;1.13.3;1.12.8;1.12.2;3.3"
1211.1;Готелі;"Г-1;Г-2;КВТ-1";"Г-1;КВТ";"ІК-1;Ж-1;Ж-3;Ж-4;Ж-5;Ж-6;Ж-7;Г-4;Г-4-1;Г-4-2;Г-4-3;Г-6;ТР-1-2;ТР-1-4;С-2";"ІК;Г-3;Г-5;ТР-2;С-4";"02.04;03.08;07.01;03.17";"1.9;1.11;1.17;4.3;1.6;1.11.3;1.11.6;2.6";"15.01;15.02;15.03;15.04;15.05;15.06;15.07;15.08;15.09;15.10";"1.12.2;3.3"
1211.2;Мотелі;;;"ТР-1-2;Г-2";"ТР-2;Г-1";03.17;"4.3;1.6;1.11;1.11.3;1.11.6;1.17;2.6";"12.04;12.11";"1.14;1.14.2;3.2;3.2.2"
1211.3;Кемпінги;КВТ-2;КВТ;;;"03.08;07.01";"1.11;1.17;4.3";;
1211.4;Пансіонати;КВТ-1;КВТ;;;"03.08;07.01";"1.11;1.17;4.3";;
1211.5;Ресторани та бари;"Г-1;Г-2;Г-4-3";Г-1;"Г-4;Г-6;Р-2;КВТ;КВТ-1;КВТ-2;Ж-1;Ж-2;Ж-3;Ж-4;Ж-5;Ж-6;Ж-7;ІК-1;ТР-1-2;ТР-1-3";"Г-3;Г-5;Р-2;КВТ;Ж-1;Ж-2;Ж-3;Ж-4;ІК;ТР-2";"03.08;07.01;12.04;03.17";"1.11;1.17;4.3;1.14;1.14.2;3.2;3.2.2;1.6;1.11.3;1.11.6;2.6";;
1212.;Інші будівлі для тимчасового проживання;;;;;;;;
1212.1;Туристичні бази та гірські притулки;КВТ-2;КВТ;"Р-1;Р-1-1;Р-3-2";Р-1;07.01;"1.17;4.3";"04.01;04.02;04.03;04.11;10.08";"1.15;4.1"
1212.2;Дитячі та сімейні табори відпочинку;КВТ-2;КВТ;;;07.01;"1.17;4.3";;
1212.3;Центри та будинки відпочинку;КВТ-2;КВТ;;;07.01;"1.17;4.3";;
1212.9;Інші будівлі для тимчасового проживання, не класифіковані раніше;;;КВТ-2;КВТ;03.17;"4.3;1.6;1.11;1.11.3;1.11.6;1.17;2.6";07.01;"1.17;4.3"
1220.1;Будівлі органів державного та місцевого управління;"Г-1;Г-2";Г-1;Ж-7;Ж-4;03.01;1.12.1;;
1220.2;Будівлі фінансового обслуговування;"Г-1;Г-2";Г-1;"Ж-7;С-2";"Ж-4;С-4";03.09;1.11.3;"15.01;15.02;15.03;15.04;15.05;15.06;15.07;15.08;15.09;15.10";"1.12.2;3.3"
1220.3;Будівлі органів правосуддя;"Г-1;Г-2";Г-1;Ж-7;Ж-4;03.01;1.12.1;;
1220.4;Будівлі закордонних представництв;"Г-1;Г-2";Г-1;"Ж-3;Ж-4;Ж-5;Ж-6;Ж-7";"Ж-3;Ж-4";03.06;1.12.8;;
1220.5;Адміністративно-побутові будівлі промислових підприємств;"В-1;В-2;В-3;В-4;В-5;В-6;В-7";"В-1;В-2;В-3;В-4;В-5";;;"11.01;11.02;11.03;11.04";"1.10.1;3.1.1;1.10;1.10.2;1.10.5;1.13.1;3.1;3.1.2;3.1.5;1.10.4;3.1.4";;
1220.9;Будівлі для конторських та адміністративних цілей інші;"Г-1;Г-2";Г-1;;;"03.10;03.15;13.02";"1.11;1.11.1;1.11.4;1.13.2;1.11.5;1.12.9;1.14.9;3.2;3.2.9";;
1230.1;Торгові центри, універмаги, магазини;Г-6;Г-5;"Г-1;Г-2;Г-4-3;Ж-1;Ж-2;Ж-3;Ж-4;Ж-5;Ж-6;Ж-7;Р-4;КЛ;КЛ-1;КЛ-2;КВТ;КВТ-1;КВТ-2;ТР-1;ТР-1-2;ТР-1-3;ІК-1;С-2;В-1;В-2;В-3;В-4;В-5;В-6;В-7;КС;Кс-1;Кс-2;Кс-3;Кс-4;Кс-5";"Г-1;Ж-1;Ж-2;Ж-3;Ж-4;Р-4;КС;КВТ;ТР-2;ІК;С-4;В-1;В-2;В-3;В-4;В-5;КС-1;КС-2;КС-3;КС-4;КС-5";"03.07;03.17";"1.11;1.11.2;1.11.3;1.11.6;1.6;1.11.3;1.11.6;1.17;2.6;4.3";"12.04;12.08;12.11;15.01;15.02;15.03;15.04;15.05;15.06;15.07;15.08;15.09;15.10";"1.14;1.14.2;3.2;3.2.2;1.12.2;3.3"
1230.2;Криті ринки, павільйони та зали для ярмарків;;;Г-6;Г-5;"03.07;01.12";"1.11;1.11.2;1.11.3;1.11.6";;
1230.3;Станції технічного обслуговування автомобілів;;;"ТР-1-3;С-2";"ТР-2;С-4";12.04;"1.14;1.14.2;3.2;3.2.2";"15.01;15.02;15.03;15.04;15.05;15.06;15.07;15.08;15.09;15.10";"1.12.2;3.3"
1230.4;Їдальні, кафе, закусочні тощо;;;"Г-1;Г-2;Г-3;Г-4;Г-5;Г-6;Ж-1;Ж-2;Ж-3;Ж-4;Ж-5;Ж-6;Ж-7;Р-3-3;Р-3-4;Р-4;КЛ;КЛ-1;КЛ-2;КВТ;КВТ-1;КВТ-2;ТР-1;ТР-1-1...4;ТР-2;ТР-2-1;ІН-1...3;КС;КС-1;КС-2;КС-3;КС-4;КС-5;В-1;В-2;В-3;В-4;В-5;В-6;В-7;С-1;С-2;С-3;С-4;СВ-1;СВ-2;ІК-1";"Г-1;Г-2;Г-3;Г-4;Г-5;Ж-1;Ж-2;Ж-3;Ж-4;Р-4;КС;КВТ;ТР-1;ТР-2;ТР-3;ІН-1...3;КС-1;КС-2;КС-3;КС-4;КС-5;В-1;В-2;В-3;В-4;В-5;С-1;С-2;С-3;С-4;С-5;ІК";"03.08;03.17";"1.11.3;1.11.6;1.12.9;4.3;1.6;1.11;1.17;2.6";"15.01;15.02;15.03;15.04;15.05;15.06;15.07;15.08;15.09;15.10;11.01...04;12.01...03;12.05...09;03.01;03.02;03.03;03.11;06.01;06.03;07.01;01.01;01.02;01.13;08.01;08.03;12.04;12.11";"1.12.2;3.3;1.10.1;3.1.1;1.10;1.10.2;1.10.5;1.13.1;1.14;1.14.1...9;3.2;3.2.1...10;3.1;3.1.2;3.1.5;1.10.4;3.1.4;1.12.1;1.12.3;1.12.5;1.11.5;1.16;4.2;1.17;4.3;1.1;2.1;1.5;2.5;1.6;1.7;2.6;2.7;1.18;4.4;1.14;1.14.2;3.2;3.2.2"
1230.5;Бази та склади підприємств торгівлі й громадського харчування;КС-4-1;КС-4;"В-1;В-2;В-3;В-4;В-5;В-6;В-7";"В-1;В-2;В-3;В-4;В-5";"03.07;11.02";"1.11;1.11.2;1.11.3;1.11.6;1.10;1.10.2;1.10.5;1.13.1;3.1;3.1.2;3.1.5";;
1230.6;Будівлі підприємств побутового обслуговування;Г-2-1;Г-5;"Г-1;Г-2;Ж-7";"Г-1;Ж-4";03.13;"1.11;1.11.3;1.11.6";;
1230.9;Будівлі торговельні інші;;;"Г-6;КС-4-1";"Г-5;КС-4";;;"03.07;11.02";"1.11;1.11.2;1.11.3;1.11.6;1.10;1.10.2;1.10.5;1.13.1;3.1;3.1.2;3.1.5"
1241.1;Автовокзали та інші будівлі автомобільного транспорту;ТР-1-2;;ТР-1;ТР-2;12.04;"1.14;1.14.2;3.2;3.2.2";;
1241.2;Вокзали та інші будівлі залізничного транспорту;ТР-1-2;;ТР-1;ТР-2;12.01;"1.14;1.14.1;3.2;3.2.1";;
1241.3;Будівлі міського електротранспорту;;;"ТР-1;ТР-1-2;ТР-1-3";ТР-2;12.07;"1.14;1.14.7;1.14.8;3.2.7;3.2.8";;
1241.4;Аеровокзали та інші будівлі повітряного транспорту;ТР-1-4;;ТР-1;ТР-2;12.05;"1.14;1.14.6;3.2;3.2.6";;
1241.5;Морські та річкові вокзали, маяки та пов’язані з ними будівлі;;;"ТР-1;ТР-1-2";ТР-2;"12.02;12.03";"1.14;1.14.4;1.14.5;3.2;3.2.4;3.2.5";;
1241.6;Будівлі станцій підвісних та канатних доріг;;;"ТР-1;ТР-1-2";ТР-2;12.09;"1.14;1.14.10;3.2.10";;
1241.7;Будівлі центрів радіо- та телевізійного мовлення, телефонних станцій, телекомунікаційних центрів тощо;;;"С-1;Г-2;Ж-7";С-3;"13.01;13.03;13.05";"1.14;1.14.9;1.14.10;3.2.9;3.2.10;3.4;11.14";;
1241.8;Ангари для літаків, локомотивні, вагонні, трамвайні та тролейбусні депо;;;"ТР-1-3;ТР-1-4";ТР-2;"12.01;12.05;12.07;12.08";"1.14;1.14.1;1.14.6;1.14.7;1.14.8;3.2;3.2.1;3.2.6;3.2.7;3.2.8";;
1241.9;Будівлі транспорту та засобів зв’язку інші;;;"ТР-1;ТР-1-2;ТР-1-3;ТР-1-4";;13.05;"11.14;1.14.9";"12.01;12.02;12.03;12.04;12.05;12.07;12.08;12.09";"1.14;1.14.1;1.14.2;1.14.4;1.14.5;1.14.6;1.14.7;1.14.8;1.14.10;3.2;3.2.1;3.2.2;3.2.4;3.2.5;3.2.6;3.2.7;3.2.8;3.2.10"
1242.1;Гаражі наземні;ТР-1-3;ТР-2;"Г-1;Г-2;Г-2-1;Г-3;Г-4;Г-4-2;Г-4-3;Г-4-4;Г-6;Ж-1;Ж-2;Ж-3;Ж-4;Ж-5;Ж-6;Ж-7;Р-3-3;Р-3-4;Р-4;КЛ;КЛ-1;КЛ-2;КВТ;КВТ-1;КВТ-2;ТР-1;ТР-1-1...4;ТР-2;ТР-2-1;ІН-1...3;КС;КС-1;КС-2;КС-3;КС-4;КС-5;В-1;В-2;В-3;В-4;В-5;В-6;В-7;С-1;С-2;С-3;С-4;СВ-1;СВ-2;ІК-1";"Г-1;Г-2;Г-3;Г-5;Ж-1;Ж-2;Ж-3;Ж-4;Р-4;КС;КВТ;ТР-1;ТР-2;ТР-3;ІН-1...3;КС-1;КС-2;КС-3;КС-4;КС-5;В-1;В-2;В-3;В-4;В-5;С-1;С-2;С-3;С-4;С-5;ІК";"02.05;02.06";"1.8;1.9";"01.01...09.03;11.01...15.10";всі
1242.2;Гаражі підземні;;;"Г-1;Г-2;Г-2-1;Г-3;Г-4;Г-4-2;Г-4-3;Г-4-4;Г-6;Ж-1;Ж-2;Ж-3;Ж-4;Ж-5;Ж-6;Ж-7;Р-2;Р-3;Р-4;КЛ;КЛ-1;КЛ-2;КВТ;КВТ-1;КВТ-2;ТР-1;ТР-1-1...4;ТР-2;ТР-2-1;ІН-1...3;КС;КС-1;КС-2;КС-3;КС-4;КС-5;В-1;В-2;В-3;В-4;В-5;В-6;В-7;С-1;С-2;С-3;С-4;СВ-1;СВ-2;ІК-1";"Г-1;Г-2;Г-3;Г-5;Ж-1;Ж-2;Ж-3;Ж-4;Р-2;Р-3;Р-4;КС;КВТ;ТР-1;ТР-2;ТР-3;ІН-1...3;КС-1;КС-2;КС-3;КС-4;КС-5;В-1;В-2;В-3;В-4;В-5;С-1;С-2;С-3;С-4;С-5;ІК";;;всі;всі
1242.3;Стоянки автомобільні криті;ТР-1-3;ТР-2;"Г-1;Г-2;Г-2-1;Г-3;Г-4;Г-4-2;Г-4-3;Г-4-4;Г-6;Ж-1;Ж-2;Ж-3;Ж-4;Ж-5;Ж-6;Ж-7;Р-3-3;Р-3-4;Р-4;КЛ;КЛ-1;КЛ-2;КВТ;КВТ-1;КВТ-2;ТР-1;ТР-1-1...4;ТР-2;ТР-2-1;ІН-1...3;КС;КС-1;КС-2;КС-3;КС-4;КС-5;В-1;В-2;В-3;В-4;В-5;В-6;В-7;С-1;С-2;С-3;С-4;СВ-1;СВ-2;ІК-1";"Г-1;Г-2;Г-3;Г-5;Ж-1;Ж-2;Ж-3;Ж-4;Р-4;КС;КВТ;ТР-1;ТР-2;ТР-3;ІН-1...3;КС-1;КС-2;КС-3;КС-4;КС-5;В-1;В-2;В-3;В-4;В-5;С-1;С-2;С-3;С-4;С-5;ІК";"02.09;12.04";"1.14;1.14.2;3.2;3.2.2";"01.01...09.03;11.01...15.10";всі
1242.4;Навіси для велосипедів;;;всі;всі;;;всі;всі
1251.1;Будівлі підприємств машинобудування та металообробної промисловості;В-1…7;В-1…5;;;11.02;"1.10;1.10.2;1.10.5;1.13.1;3.1;3.1.2;3.1.5";;
1251.2;Будівлі підприємств чорної металургії;В-1…7;В-1…5;;;11.02;"1.10;1.10.2;1.10.5;1.13.1;3.1;3.1.2;3.1.5";;
1251.3;Будівлі підприємств хімічної та нафтохімічної промисловості;В-1…7;В-1…5;;;11.02;"1.10;1.10.2;1.10.5;1.13.1;3.1;3.1.2;3.1.5";;
1251.4;Будівлі підприємств легкої промисловості;В-1…7;В-1…5;;;11.02;"1.10;1.10.2;1.10.5;1.13.1;3.1;3.1.2;3.1.5";;
1251.5;Будівлі підприємств харчової промисловості;В-1…7;В-1…5;;;11.02;"1.10;1.10.2;1.10.5;1.13.1;3.1;3.1.2;3.1.5";;
1251.6;Будівлі підприємств медичної та мікробіологічної промисловості;В-1…7;В-1…5;;;11.02;"1.10;1.10.2;1.10.5;1.13.1;3.1;3.1.2;3.1.5";;
1251.7;Будівлі підприємств лісової, деревообробної та целюлозно-паперової промисловості;В-1…7;В-1…5;;;"09.01;09.02;11.02";"1.19;5.1;1.10;1.10.2;1.10.5;1.13.1;3.1;3.1.2;3.1.5";;
1251.8;Будівлі підприємств будівельної індустрії, будівельних матеріалів та виробів, скляної та фарфоро-фаянсової промисловості;В-1…7;В-1…5;;;"11.03;11.02";"1.10.4;3.1.4;1.10;1.10.2;1.10.5;1.13.1;3.1;3.1.2;3.1.5";;
1251.9;Будівлі інших промислових виробництв, включаючи поліграфічне;В-1…7;В-1…5;;;11.02;"1.10;1.10.2;1.10.5;1.13.1;3.1;3.1.2;3.1.5";;
1252.1;Резервуари для нафти, нафтопродуктів та газу;КС-4-1;КС-4;"В-1…7;ТР-1-3";"В-1…5;ТР-2";;;"11.02;12.04";"1.10;1.10.2;1.10.5;1.13.1;3.1;3.1.2;3.1.5;1.14;1.14.2;3.2;3.2.2"
1252.2;Резервуари та ємності інші;;;"КС;КС-1;КС-2;КС3;КС4;КС-4-1;КС5;В-1…7";"КС-1;КС-2;КС-3;КС-4;КС-5;В-1…5";;;11.02;"1.10;1.10.2;1.10.5;1.13.1;3.1;3.1.2;3.1.5"
1252.3;Силоси для зерна;КС-4-1;КС-4;СВ-2;;"11.02;01.01;01.02;01.03;01.04;01.09;01.10;01.11;01.13";"1.10;1.10.2;1.10.5;1.13.1;3.1;3.1.2;3.1.5;1.1;2.1;1.5;2.5;1.2;2.2;1.4;2.4;1.3;2.3;1.6;1.7;2.6;2.7";;
1252.4;Силоси для цементу та інших сипучих матеріалів;;;"КС;КС-1;КС-2;КС3;КС4;КС-4-1;КС5;В-1;В-2;В-3;В-4;В-5;В-6;В-7";"КС-1;КС-2;КС-3;КС-4;КС-5;В-1;В-2;В-3;В-4;В-5";;;11.02;"1.10;1.10.2;1.10.5;1.13.1;3.1;3.1.2;3.1.5"
1252.5;Склади спеціальні товарні;КС-4-1;КС-4;"В-1;В-2;В-3;В-4;В-5;В-6;В-7";"В-1;В-2;В-3;В-4;В-5";11.02;"1.10;1.10.2;1.10.5;1.13.1;3.1;3.1.2;3.1.5";;
1252.6;Холодильники;КС-4-1;КС-4;"КС;КС-1;КС-2;КС3;КС4;КС5;В-1;В-2;В-3;В-4;В-5;В-6;В-7";"КС-1;КС-2;КС-3;КС-5;В-1;В-2;В-3;В-4;В-5";11.02;"1.10;1.10.2;1.10.5;1.13.1;3.1;3.1.2;3.1.5";;
1252.7;Складські майданчики;КС-4-1;КС-4;"КС;КС-1;КС-2;КС3;КС4;КС5;В-1;В-2;В-3;В-4;В-5;В-6;В-7";"КС-1;КС-2;КС-3;КС-5;В-1;В-2;В-3;В-4;В-5";"11.02;13.02";"1.10;1.10.2;1.10.5;1.13.1;3.1;3.1.2;3.1.5;1.14.9;3.2;3.2.9";;
1252.8;Склади універсальні;КС-4-1;КС-4;"КС;КС-1;КС-2;КС3;КС4;КС5;В-1;В-2;В-3;В-4;В-5;В-6;В-7";"КС-1;КС-2;КС-3;КС-5;В-1;В-2;В-3;В-4;В-5";"11.02;13.02";"1.10;1.10.2;1.10.5;1.13.1;3.1;3.1.2;3.1.5;1.14.9;3.2;3.2.9";;
1252.9;Склади та сховища інші;КС-4-1;КС-4;"КС;КС-1;КС-2;КС3;КС4;КС5;В-1;В-2;В-3;В-4;В-5;В-6;В-7";"КС-1;КС-2;КС-3;КС-5;В-1;В-2;В-3;В-4;В-5";"11.02;13.02";"1.10;1.10.2;1.10.5;1.13.1;3.1;3.1.2;3.1.5;1.14.9;3.2;3.2.9";;
1261.1;Театри, кінотеатри та концертні зали;"Г-1;Г-2;Г-4-2;Г-4-3";Г-1;"Г-1;Г-3;Ж-7";"Г-2;Г-3;Ж-4";03.05;1.12.4;"03.02;03.11";"1.12.3;1.11.5"
1261.2;Зали засідань та багатоцільові зали для публічних виступів;"Г-2;Г-4-2";Г-1;"Г-1;Г-3;Ж-7";"Г-2;Г-3;Ж-4";03.05;1.12.4;"03.01;03.02;03.11";"1.12.1;1.12.3;1.11.5"
1261.3;Цирки;;;"Г-2;Г-4-2;Г-4-3";Г-3;03.05;1.12.4;;
1261.4;Казино, ігорні будинки;;;;;;;;
1261.5;Музичні та танцювальні зали, дискотеки;"Г-2;Г-4-3";Г-1;"Г-1;Г-3";"Г-2;Г-3";03.05;1.12.4;03.02;1.12.3
1261.9;Будівлі для публічних виступів інші;"Г-2;Г-4-2;Г-4-3";Г-1;"Г-1;Г-3;Ж-7";"Г-2;Г-3;Ж-4";"03.05;03.15";"1.12.4;1.11.5;1.12.9";"03.01;03.02;03.11";"1.12.1;1.12.3;1.11.5"
1262.1;Музеї та художні галереї;"Г-1;Г-2;Г-4-2";"Г-1;Г-3";"Ж-1;Ж-2;Ж-3;Ж-4;Ж-5;Ж-6;Ж-7;Г-3;КЛ;КВТ;В-1;В-2;В-3;В-4;В-5;В-6;В-7;КС-1;КС-2;КС-3;КС-4;КС-5;ТР-1;ТР-2;Р-3-3;Р-3-4;СВ-2;ІК-1;Г-5;Г-5-1;Г-5-2;Г-5-3";"Ж-1;Ж-2;Ж-3;Ж-4;Г-2;КС;КВТ;В-1;В-2;В-3;В-4;В-5;КС-1;КС-2;КС-3;КС-4;КС-5;ТР-1;ТР-2;ТР-3;ІК;Г-4";"08.02;03.17";"1.18;4.4;4.3;1.6;1.11;1.11.3;1.11.6;1.17;2.6";"03.01;03.02;03.11";"1.12.1;1.12.3;1.11.5"
1262.2;Бібліотеки, книгосховища;"Г-1;Г-2;Г-3;Г-4-2;Ж-7";"Г-1;Г-2;Г-3;Ж-4";;;"03.02;03.05;03.11";"1.12.3;1.12.4;1.11.5";;
1262.3;Технічні центри;"Г-1;Г-2;Г-3;Г-4-2;Ж-7";"Г-1;Г-2;Г-3;Ж-4";;;"03.02;03.05;03.11";"1.12.3;1.12.4;1.11.5";;
1262.4;Планетарії;"Г-1;Г-2;Г-3;Г-4-2;Ж-7";"Г-1;Г-2;Г-3;Ж-4";;;"03.02;03.05;03.11";"1.12.3;1.12.4;1.11.5";;
1262.5;Будівлі архівів;"Г-1;Г-2;Г-3;Г-4-2;Ж-7";"Г-1;Г-2;Г-3;Ж-4";;;"03.02;03.05;03.11";"1.12.3;1.12.4;1.11.5";;
1262.6;Будівлі зоологічних та ботанічних садів;"Р-1;Г-3";"Р-1;Г-2";"Г-1;Г-2";Г-1;;;"04.04;04.05;03.02;03.11";"1.15;4.1;1.12.3;1.11.5"
1263.1;Будівлі науково-дослідних та проектно-вишукувальних установ;Г-2;Г-2;;;"03.11;01.09;03.02";"1.11.5;1.3;2.3";;
1263.2;Будівлі вищих навчальних закладів;Г-3;Г-2;;;"03.02;01.09";"1.12.3;1.3;2.3";;
1263.3;Будівлі шкіл та інших середніх навчальних закладів;Г-3-1;;"Г-1;Г-2;Г-3;Ж-1;Ж-2;Ж-3;Ж-4;Ж-5;Ж-6;Ж-7";"Г-1;Г-2;Ж-1;Ж-2;Ж-3;Ж-4";"03.02;01.09";1.12.3;;
1263.4;Будівлі професійно-технічних навчальних закладів;Г-3;Г-2;"Г-1;Г-2;Г-3;Ж-1;Ж-2;Ж-3;Ж-4;Ж-5;Ж-6;Ж-7";"Г-1;Ж-1;Ж-2;Ж-3;Ж-4";"03.02;01.09";"1.12.3;1.3;2.3";;
1263.5;Будівлі дошкільних та позашкільних навчальних закладів;Г-3-1;;"Г-1;Г-2;Г-3;Ж-1;Ж-2;Ж-3;Ж-4;Ж-5;Ж-6;Ж-7";"Г-1;Г-2;Ж-1;Ж-2;Ж-3;Ж-4";03.02;1.12.3;;
1263.6;Будівлі спеціальних навчальних закладів для дітей з фізичними або розумовими вадами;Г-3-3;;"Г-1;Г-2;Г-3;Ж-1;Ж-2;Ж-3;Ж-4;Ж-5;Ж-6;Ж-7";"Г-1;Г-2;Ж-1;Ж-2;Ж-3;Ж-4";03.02;1.12.3;;
1263.7;Будівлі закладів з фахової перепідготовки;"Г-3;Г-3-2;Г-2";Г-2;"Г-1;Ж-1;Ж-2;Ж-3;Ж-4;Ж-5;Ж-6;Ж-7";"Г-1;Ж-1;Ж-2;Ж-3;Ж-4";03.03;1.12.5;;
1263.8;Будівлі метеорологічних станцій, обсерваторій;;;"Г-2;Р-1;Р-3-2";"Г-1;Р-1;Р-3";"03.11;03.03";1.11.5;;
1263.9;Будівлі освітніх та науково-дослідних закладів інші;;;"Г-1;Г-2;Г-3;Ж-1;Ж-2;Ж-3;Ж-4;Ж-5;Ж-6;Ж-7";"Г-1;Г-2;Ж-1;Ж-2;Ж-3;Ж-4";"03.02;03.11;01.09";"1.12.3;1.11.5";;
1264.1;Лікарні багатопрофільні територіального обслуговування, навчальні заклади;"Г-5-1;Г-5";Г-4;;;03.03;1.12.5;;
1264.2;Лікарні профільні, диспансери;"Г-5-1;Г-5";Г-4;;;03.03;1.12.5;;
1264.3;Материнські та дитячі реабілітаційні центри, пологові будинки;"Г-5-1;Г-5";Г-4;;;03.03;1.12.5;;
1264.4;Поліклініки, пункти медичного обслуговування та консультації;"Г-5-1;Г-5";Г-4;"Ж-1;Ж-2;Ж-3;Ж-4;Ж-5;Ж-6;Ж-7;Г-2";"Ж-1;Ж-2;Ж-3;Ж-4;Г-1";03.03;1.12.5;;
1264.5;Шпиталі виправних закладів, в’язниць та збройних сил;"С-2;С-3;Г-5;Г-5-1";"С-4;С-5;Г-4";;;"15.01;15.02;15.03;15.04;15.05;15.06;15.07;15.09;15.10";"1.12.2;3.3";;
1264.6;Санаторії, профілакторії та центри функціональної реабілітації;"КЛ-1;КЛ-2";КС;С-2;С-4;"06.01;10.11";"1.16;4.2";"15.01;15.02;15.03;15.04;15.05;15.06;15.07;15.08;15.09;15.10";"1.12.2;3.3"
1264.9;Заклади лікувально-профілактичні та оздоровчі інші;;;"Г-5;Г-5-1;КЛ-1;КЛ-2;С-2";"Г-4;КС;С-4";;;"06.01;03.03;10.11;15.01;15.02;15.03;15.04;15.05;15.06;15.07;15.08;15.09;15.10";"1.16;4.2;1.12.5;1.12.2;3.3"
1265.1;Зали гімнастичні, баскетбольні, волейбольні, тенісні тощо;Г-4-1;Г-3;"Г-1;Г-2;Г-3;Г-3-1;Г-4;Ж-1;Ж-2;Ж-3;Ж-4;Ж-5;Ж-6;Ж-7";"Г-1;Г-2;Ж-1;Ж-2;Ж-3;Ж-4";07.02;"1.12.7;1.17;4.3";"03.02;03.05";"1.12.3;1.12.4"
1265.2;Басейни криті для плавання;Г-4-2;Г-3;"Г-1;Г-2;Г-3;Г-3-1;Г-4;Ж-1;Ж-2;Ж-3;Ж-4;Ж-5;Ж-6;Ж-7";"Г-1;Г-2;Ж-1;Ж-2;Ж-3;Ж-4";07.02;"1.12.7;1.17;4.3";"03.02;03.05";"1.12.3;1.12.4"
1265.3;Хокейні та льодові стадіони криті;Г-4-3;Г-3;"Г-1;Г-2;Г-3;Г-3-1;Г-4;Ж-1;Ж-2;Ж-3;Ж-4;Ж-5;Ж-6;Ж-7";"Г-1;Г-2;Ж-1;Ж-2;Ж-3;Ж-4";07.02;"1.12.7;1.17;4.3";"03.02;03.05";"1.12.3;1.12.4"
1265.4;Манежі легкоатлетичні;Г-4-4;Г-3;"Г-1;Г-2;Г-3;Г-3-1;Г-4;Ж-1;Ж-2;Ж-3;Ж-4;Ж-5;Ж-6;Ж-7";"Г-1;Г-2;Ж-1;Ж-2;Ж-3;Ж-4";07.02;"1.12.7;1.17;4.3";"03.02;03.05";"1.12.3;1.12.4"
1265.5;Тири;Г-4-5;Г-3;"Г-1;Г-2;Г-3;Г-3-1;Г-4";"Г-1;Г-2";07.02;"1.12.7;1.17;4.3";"03.02;03.05;15.01;15.02;15.03;15.04;15.05;15.06;15.07;15.08;15.09;15.10";"1.12.3;1.12.4;1.12.2;3.3"
1265.9;Зали спортивні інші;Г-4-1;Г-3;"Г-1;Г-2;Г-3;Г-3-1;Г-4;Ж-1;Ж-2;Ж-3;Ж-4;Ж-5;Ж-6;Ж-7";"Г-1;Г-2;Ж-1;Ж-2;Ж-3;Ж-4";07.02;"1.12.7;1.17;4.3";"03.02;03.05;15.01;15.02;15.03;15.04;15.05;15.06;15.07;15.08;15.09;15.10";"1.12.3;1.12.4;1.12.2;3.3"
1271.1;Будівлі для тваринництва;СВ-2;"В-1;В-2;В-3;В-4;В-5";;;"01.01;01.02;01.03;01.04;01.09;01.10;01.11";"1.1;2.1;1.5;2.5;1.2;2.2;1.4;2.4;1.3;2.3";;
1271.2;Будівлі для птахівництва;СВ-2;"В-1;В-2;В-3;В-4;В-5";;;"01.01;01.02;01.03;01.04;01.09;01.10;01.11";"1.1;2.1;1.5;2.5;1.2;2.2;1.4;2.4;1.3;2.3";;
1271.3;Будівлі для зберігання зерна;СВ-2;"В-1;В-2;В-3;В-4;В-5";;;"01.01;01.02;01.03;01.04;01.09;01.10;01.11";"1.1;2.1;1.5;2.5;1.2;2.2;1.4;2.4;1.3;2.3";;
1271.4;Будівлі силосні та сінажні;СВ-2;"В-1;В-2;В-3;В-4;В-5";;;"01.01;01.02;01.03;01.04;01.09;01.10;01.11";"1.1;2.1;1.5;2.5;1.2;2.2;1.4;2.4;1.3;2.3";;
1271.5;Будівлі для садівництва, виноградарства та виноробства;СВ-2;"В-1;В-2;В-3;В-4;В-5";;;"01.01;01.02;01.03;01.04;01.05;01.06;01.09;01.10;01.11";"1.1;2.1;1.5;2.5;1.2;2.2;1.4;2.4;1.3;2.3";;
1271.6;Будівлі тепличного господарства;СВ-2;"В-1;В-2;В-3;В-4;В-5";;;"01.01;01.02;01.03;01.04;01.09;01.10;01.11";"1.1;2.1;1.5;2.5;1.2;2.2;1.4;2.4;1.3;2.3";;
1271.7;Будівлі рибного господарства;;;"В-1;В-2;В-3;В-4;В-5;В-6;В-7;СВ-2";"В-1;В-2;В-3;В-4;В-5";11.02;"1.10;1.10.2;1.10.5;1.13.1;3.1;3.1.2;3.1.5";"01.01;01.02;01.03;01.04;01.09;01.10;01.11";"1.1;2.1;1.5;2.5;1.2;2.2;1.4;2.4;1.3;2.3"
1271.8;Будівлі підприємств лісівництва та звірівництва;;;"В-1;В-2;В-3;В-4;В-5;В-6;В-7;СВ-2";"В-1;В-2;В-3;В-4;В-5";"09.01;09.02;01.01;01.02;01.03;01.04;01.09";"1.19;5.1;1.1;2.1;1.5;2.5;1.2;2.2;1.4;2.4;1.3;2.3";"03.02;03.11";"1.12.3;1.11.5"
1271.9;Будівлі сільськогосподарського призначення інші;;;СВ-2;"В-1;В-2;В-3;В-4;В-5";;;"01.01;01.02;01.03;01.04;01.05;01.06;01.09;01.10;01.11";"1.1;2.1;1.5;2.5;1.2;2.2;1.4;2.4;1.3;2.3"
1272.1;Церкви, собори, костьоли, мечеті, синагоги тощо;Г-4-4;Г-3;"Г-1;Г-2";Г-3;03.04;1.12.6;;
1272.2;Похоронні бюро та ритуальні зали;КС-3-1;КС-3;"Г-2;Г-2-1;Г-5;Г-5-1";"Г-1;Г-4";03.13;1.11;;
1272.3;Цвинтарі та крематорії;КС-3-1;КС-3;;;"03.12;07.01;18.00";"1.12.9;1.17;4.3";;
1273.1;Пам’ятки історії та архітектури;ІК-1;ІК;всі;всі;"08.01;08.02;08.03";"1.18;4.4";всі;всі
1273.2;Археологічні розкопки, руїни та історичні місця, що охороняються державою;ІК-1;ІК;всі;всі;"08.01;08.02;08.03";"1.18;4.4";всі;всі
1273.3;Меморіали, художньо-декоративні будівлі, статуї;"Р-3-3;Р-3-4";"С-1;С-2";всі;всі;18.00;;всі;всі
1274.1;Казарми Збройних Сил;;;С-2;С-4;"15.01;15.02;15.03;15.04;15.05;15.06;15.07;15.08;15.09;15.10";"1.12.2;3.3";;
1274.2;Будівлі міліцейських та пожежних служб;;;"Г-1;Г-2;Г-3;Г-4;Г-5;Г-6;Ж-1;Ж-2;Ж-3;Ж-4;Ж-5;Ж-6;Ж-7;Р-4;КЛ;КЛ-1;КЛ-2;КВТ;КВТ-1;КВТ-2;ТР-1;ТР-1-1...4;ТР-2;ТР-2-1;ІН-1...3;КС;КС-1;КС-2;КС-3;КС-4;КС-5;В-1;В-2;В-3;В-4;В-5;В-6;В-7;С-1;С-2;С-3;С-4;СВ-1;СВ-2;ІК-1";"Г-1;Г-2;Г-3;Г-4;Г-5;Ж-1;Ж-2;Ж-3;Ж-4;Р-4;КС;КВТ;ТР-1;ТР-2;ТР-3;ІН-1...3;КС-1;КС-2;КС-3;КС-4;КС-5;В-1;В-2;В-3;В-4;В-5;С-1;С-2;С-3;С-4;С-5;ІК";"03.14;15.02;15.09;15.10";"1.12.2;1.12.2;3.3";15.04;"1.12.2;3.3"
1274.3;Будівлі виправних закладів, в’язниць та слідчих ізоляторів;С-3;С-5;Г-2;Г-1;15.07;"1.12.2;3.3";;
1274.4;Будівлі лазень та пралень;;;"Г-2-1;Ж-1;Ж-2;Ж-3;Ж-4;Ж-5;Ж-6;Ж-7;КС-1;КС-2;КС-3;КС-4;КС-5;В-1;В-2;В-3;В-4;В-5;В-6;В-7";"Г-5;Ж-1;Ж-2;Ж-3;Ж-4;КС-1;КС-2;КС-3;КС-4;КС-5;В-1;В-2;В-3;В-4;В-5";"03.13;11.02";"1.11;1.10;1.10.2;1.10.5;1.13.1;3.1;3.1.2;3.1.5";;
1274.5;Будівлі з облаштування населених пунктів;;;"КС-1;КС-2;КС-3;КС-4;КС-5";"КС-1;КС-2;КС-3;КС-4;КС-5";"03.12;18.00";1.12.9;;
2111.1;Дороги автомобільні магістральні;ТР-2;ТР-3;;;12.04;"1.14;1.14.2;3.2;3.2.2";;
2111.2;Пристрої для освітлення, сигналізації, забезпечення безпеки та стоянок на автострадах;ТР-2;ТР-3;;;12.04;"1.14;1.14.2;3.2;3.2.2";;
2112.1;Вулиці та дороги міст і населених пунктів;ТР-2;ТР-3;;;"18.00;12.04;12.07";"1.14;1.14.2;3.2;3.2.2;1.14.7;1.14.8;3.2.7;3.2.8";;
2112.2;Позаміські, об’їзні та окружні дороги;ТР-2;ТР-3;;;12.04;"1.14;1.14.2;3.2;3.2.2";;
2112.3;Дороги для технологічного автотранспорту промислових підприємств;"В-1;В-2;В-3;В-4;В-5;В-6;В-7";"В-1;В-2;В-3;В-4;В-5";;;"11.01;11.02;11.03;11.04";"1.10;1.10.1;1.10.2;1.10.4;1.10.5;1.13.1;3.1;3.1.1;3.1.2;3.1.4;3.1.5";;
2112.4;Доріжки для велосипедної та верхової їзди;;;всі;всі;;;всі;всі
2112.5;Майдани, тротуари та пішохідні зони;"ТР-2;ТР-2-1";ТР-3;;;18.00;;;1.12.9
2112.6;Польові дороги;"Р-1;Р-2;Р-3;СВ-1";"Р-1;Р-2;Р-3";;"В-1;В-2;В-3;В-4;В-5";"01.01...13;04.01...11;05.00;10.01...11";"1.1;2.1;1.5;2.5;1.2;2.2;1.4;2.4;1.3;2.3;1.6;1.7;2.6;2.7;1.15;4.1";;
2112.7;Автомобільні дороги сільськогосподарських підприємств;"СВ-1;СВ-2";;;"В-1;В-2;В-3;В-4;В-5";01.01...14;"1.1;2.1;1.5;2.5;1.2;2.2;1.4;2.4;1.3;2.3;1.6;1.7;2.6;2.7";;
2112.8;Пристрої для освітлення, сигналізації, забезпечення безпеки та стоянок на вулицях та дорогах;ТР-2;ТР-3;;;"18.00;12.04;12.07";"1.14;1.14.2;3.2;3.2.2;1.14.7;1.14.8;3.2.7;3.2.8";;1.12.9
2112.9;Шляхи, вулиці, дороги та дорожні споруди інші;ТР-2;ТР-3;;;;;"18.00;12.04;12.07";"1.14;1.14.2;3.2;3.2.2;1.14.7;1.14.8;3.2.7;3.2.8"
2121.1;Залізничні колії магістральні;"ТР-1;ТР-1-1";ТР-1;;;12.01;"1.14;1.14.1;3.2;3.2.1";;
2121.2;Під’їзні, станційні та сортувальні колії;;;"ТР-1;ТР-1-1;ТР-1-2;ТР-1-3;ТР-1-4;В-1;В-2;В-3;В-4;В-5;В-6;В-7;КС-1;КС-2;КС-3;КС-4;КС-5;КС-6;КС-7;СВ-2;С-2";"ТР-1;ТР-2;В-1;В-2;В-3;В-4;В-5;КС-1;КС-2;КС-3;КС-4;КС-5;С-4";12.01;"1.14;1.14.1;3.2;3.2.1";"11.01...04;15.01;15.02;15.03;15.04;15.05;15.06;15.07;15.08;15.09;15.10";"1.10;1.10.1;1.10.2;1.10.4;1.10.5;1.13.1;3.1;3.1.1;3.1.2;3.1.4;3.1.5;1.12.2;3.3"
2121.3;Пристрої для освітлення, сигналізації, забезпечення безпеки та електрифікації;;;"ТР-1;ТР-1-1;ТР-1-2;ТР-1-3;ТР-1-4;В-1;В-2;В-3;В-4;В-5;В-6;В-7;КС-1;КС-2;КС-3;КС-4;КС-5;КС-6;КС-7;СВ-2;С-2";"ТР-1;ТР-2;В-1;В-2;В-3;В-4;В-5;КС-1;КС-2;КС-3;КС-4;КС-5;С-4";12.01;"1.14;1.14.1;3.2;3.2.1";"11.01...04;15.01;15.02;15.03;15.04;15.05;15.06;15.07;15.08;15.09;15.10";"1.10;1.10.1;1.10.2;1.10.4;1.10.5;1.13.1;3.1;3.1.1;3.1.2;3.1.4;3.1.5;1.12.2;3.3"
2121.9;Споруди для обслуговування магістральних залізниць інші;"ТР-1;ТР-1-1";"ТР-1;ТР-2";;;12.01;"1.14;1.14.1;3.2;3.2.1";;
2122.1;Залізничні колії метрополітенів;ТР-2;ТР-3;;;12.07;"1.14;1.14.7;1.14.8;3.2.7;3.2.8";;
2122.2;Трамвайні колії;ТР-2;ТР-3;"В-1;В-2;В-3;В-4;В-5;В-6;В-7;КС-1;КС-2;КС-3;КС-4;КС-5;КС-6;КС-7;Р-1-1;Р-2;Р-3;Р-4;С-2;С-4;ІК-1";"В-1;В-2;В-3;В-4;В-5;КС-1;КС-2;КС-3;КС-4;КС-5;Р-2;Р-3;С-1;С-2;С-3;С-4;ІК";12.07;"1.14;1.14.7;1.14.8;3.2.7;3.2.8";;
2122.3;Залізниці підвісні та на естакадах;ТР-2;ТР-3;;;12.07;"1.14;1.14.7;1.14.8;3.2.7;3.2.8";;
2122.4;Залізничні колії промислових підприємств;"В-1;В-2;В-3;В-4;В-5;В-6;В-7";"В-1;В-2;В-3;В-4;В-5";;;"11.01;11.02;11.03;11.04";"1.10;1.10.1;1.10.2;1.10.4;1.10.5;1.13.1;3.1;3.1.1;3.1.2;3.1.4;3.1.5";;
2122.5;Пристрої для освітлення, сигналізації, забезпечення безпеки та електрифікації;ТР-2;ТР-3;;;12.07;"1.14;1.14.7;1.14.8;3.2.7;3.2.8";;
2122.9;Споруди місцевого рейкового транспорту інші;ТР-2;ТР-3;;;12.07;"1.14;1.14.7;1.14.8;3.2.7;3.2.8";;
2130.1;Злітно-посадкові смуги для злету та посадки;ТР-1-4;ТР-2;С-2;С-4;12.05;"1.14;1.14.6;3.2;3.2.6";"15.01;15.02;15.03;15.04;15.05;15.06;15.07;15.08;15.09;15.10";"1.12.2;3.3"
2130.2;Злітно-посадкові смуги для маневрування та стоянки літаків та інших літальних апаратів;ТР-1-4;ТР-2;С-2;С-4;12.05;"1.14;1.14.6;3.2;3.2.6";"15.01;15.02;15.03;15.04;15.05;15.06;15.07;15.08;15.09;15.10";"1.12.2;3.3"
2130.3;Пристрої для освітлення, сигналізації, забезпечення безпеки та електрифікації злітно-посадкових та стоянкових смуг;ТР-1-4;ТР-2;С-2;С-4;12.05;"1.14;1.14.6;3.2;3.2.6";"15.01;15.02;15.03;15.04;15.05;15.06;15.07;15.08;15.09;15.10";"1.12.2;3.3"
2130.9;Споруди для обслуговування злітно-посадкових та стоянкових смуг інші;ТР-1-4;ТР-2;С-2;С-4;12.05;"1.14;1.14.6;3.2;3.2.6";"15.01;15.02;15.03;15.04;15.05;15.06;15.07;15.08;15.09;15.10";"1.12.2;3.3"
2141.1;Автомобільні мости, шляхопроводи та естакади надземні;;;"ТР-1;ТР-1-1;ТР-2;С-2";"ТР-1;ТР-2;ТР-3;С-4";;;"18.00;12.04;12.01;10.10;15.01;15.02;15.03;15.04;15.05;15.06;15.07;15.08;15.09;15.10";"1.14;1.14.2;3.2;3.2.2;1.12.2;3.3"
2141.2;Залізничні мости та естакади надземні;;;"ТР-1;ТР-1-1;ТР-2;С-2";"ТР-1;ТР-2;ТР-3;С-4";;;"18.00;12.04;12.01;10.10;15.01;15.02;15.03;15.04;15.05;15.06;15.07;15.08;15.09;15.10";"1.14;1.14.2;3.2;3.2.2;1.12.2;3.3"
2141.3;Мости комбіновані;;;"ТР-1;ТР-1-1;ТР-2;С-2";"ТР-1;ТР-2;ТР-3;С-4";;;"18.00;12.04;12.01;10.10;15.01;15.02;15.03;15.04;15.05;15.06;15.07;15.08;15.09;15.10";"1.14;1.14.2;3.2;3.2.2;1.12.2;3.3"
2141.4;Мости польових доріг;;;"ТР-1;ТР-1-1;ТР-2;СВ-1;СВ-2;С-2";"ТР-1;ТР-2;ТР-3;В-1;В-2;В-3;В-4;В-5;С-4";;;"18.00;12.04;01.01...13;15.01;15.02;15.03;15.04;15.05;15.06;15.07;15.08;15.09;15.10";"1.14;1.14.2;3.2;3.2.2;1.1;2.1;1.5;2.5;1.2;2.2;1.4;2.4;1.3;2.3;1.6;1.7;2.6;2.7;1.12.2;3.3"
2141.5;Мости пересувні, наплавні та пороми;;;"ТР-1;ТР-1-2;С-2";"ТР-2;С-4";;;"10.10;12.02;12.03;15.01;15.02;15.03;15.04;15.05;15.06;15.07;15.08;15.09;15.10";"1.14;1.14.4;1.14.5;3.2;3.2.4;3.2.5;1.12.2;3.3"
2141.6;Мости пішохідні;;;всі;всі;;;всі;всі
2141.7;Пристрої для освітлення, сигналізації, забезпечення безпеки та електрифікації мостів та естакад;;;"ТР-1;ТР-1-1;ТР-2;С-2";"ТР-1;ТР-2;ТР-3;С-4";;;"18.00;12.04;12.01;10.10;15.01;15.02;15.03;15.04;15.05;15.06;15.07;15.08;15.09;15.10";"1.14;1.14.1;1.14.2;3.2;3.2.1;3.2.2;1.12.2;3.3"
2141.9;Мости та естакади інші;;;всі;всі;;;всі;всі
2142.1;Тунелі автодорожні;"ТР-1;ТР-1-2;ТР-2";"ТР-2;ТР-3";всі;всі;"18.00;12.04";"1.14;1.14.2;3.2;3.2.2";всі;всі
2142.2;Тунелі залізничні;"ТР-1;ТР-1-2";ТР-2;всі;всі;"18.00;12.01";"1.14;1.14.1;3.2;3.2.1";всі;всі
2142.3;Тунелі комбіновані;"ТР-1;ТР-1-2";ТР-2;всі;всі;"18.00;12.04;12.01";"1.14;1.14.1;1.14.2;3.2;3.2.1;3.2.2";всі;всі
2142.4;Тунелі метрополітенів;"ТР-1;ТР-1-2";ТР-2;всі;всі;12.07;"1.14;1.14.7;1.14.8;3.2.7;3.2.8";всі;всі
2142.5;Тунелі пішохідні;"ТР-1;ТР-1-2;ТР-2";"ТР-2;ТР-3";всі;всі;18.00;;всі;всі
2142.6;Переходи підземні;"ТР-1;ТР-2";"ТР-2;ТР-3";;;18.00;;всі;всі
2142.7;Пристрої для освітлення, сигналізації, забезпечення безпеки та електрифікації тунелів та метро;"ТР-1;ТР-1-2;ТР-2";"ТР-2;ТР-3";всі;всі;"18.00;12.04;12.01;12.07";"1.14;1.14.1;1.14.2;1.14.7;1.14.8;3.2;3.2.1;3.2.2;3.2.7;3.2.8";всі;всі
2142.9;Тунелі та подібні споруди інші;"ТР-1;ТР-1-2;ТР-2";"ТР-2;ТР-3";всі;всі;"18.00;12.04;12.01";"1.14;1.14.1;1.14.2;3.2;3.2.1;3.2.2";всі;всі
2151.1;Портові споруди морські;;;ТР-1-2;ТР-2;12.02;"1.14;1.14.4;3.2;3.2.4";;
2151.2;Портові споруди річкові;;;ТР-1-2;ТР-2;12.03;"1.14;1.14.5;3.2;3.2.5";;
2151.3;Канали судноплавні;;;ТР-1-2;ТР-2;"10.03;10.04;12.02;12.03";"1.20;6.1;1.14;1.14.4;1.14.5;3.2;3.2.4;3.2.5";;
2151.4;Шлюзи та інші судноплавні споруди на річках і каналах;;;ТР-1-2;ТР-2;"10.03;10.04;12.02;12.03";"1.20;6.1;1.14;1.14.4;1.14.5;3.2;3.2.4;3.2.5";;
2151.5;Споруди суднобудівної промисловості;"В-1;В-2;В-3;В-4;В-5;В-6;В-7";"В-1;В-2;В-3;В-4;В-5";;;11.02;"1.10;1.10.5;3.1;3.1.5";;
2151.6;Порти військові;С-2;С-4;;;15.01;"1.12.2;3.3";;
2151.9;Портові та судноплавні споруди інші;;;ТР-1-2;ТР-2;;;"12.02;12.03";"1.14;1.14.4;1.14.5;3.2;3.2.4;3.2.5"
2152.1;Дамби гідроенергетичні;ІН-1;ІН-1;;;14.01;"1.10.3;3.1.3";;
2152.2;Дамби для зрошення і регулювання водних потоків;;;"СВ-1;СВ-2";"В-1;В-2;В-3;В-4;В-5";"10.10;01.01...13";"6.1;1.1;2.1;1.5;2.5;1.2;2.2;1.4;2.4;1.3;2.3;1.6;1.7;2.6;2.7";;
2152.3;Водозахисні споруди теплових електростанцій;ІН-1;ІН-1;;;14.01;"1.10.3;3.1.3";;
2152.4;Водозахисні споруди атомних електростанцій;ІН-1;ІН-1;;;14.01;"1.10.3;3.1.3";;
2152.5;Дамби, загати та інші водозахисні насипні споруди;;;всі;всі;10.10;6.1;;
2153.1;Акведуки, дюкери;;;ІН-3;ІН-3;10.10;6.1;;
2153.2;Канали магістральні зрошувальних систем;;;"СВ-1;СВ-2";"В-1;В-2;В-3;В-4;В-5";"01.01...13;10.4";"6.1;1.1;2.1;1.5;2.5;1.2;2.2;1.4;2.4;1.3;2.3;1.6;1.7;2.6;2.7;1.20;6.1";;
2153.3;Споруди систем водозабезпечення землеробства;;;"СВ-1;СВ-2";"В-1;В-2;В-3;В-4;В-5";"01.01...13;10.4";"6.1;1.1;2.1;1.5;2.5;1.2;2.2;1.4;2.4;1.3;2.3;1.6;1.7;2.6;2.7;1.20;6.1";;
2153.4;Споруди осушувальних систем;;;"СВ-1;СВ-2";"В-1;В-2;В-3;В-4;В-5";"01.01...13;10.4";"6.1;1.1;2.1;1.5;2.5;1.2;2.2;1.4;2.4;1.3;2.3;1.6;1.7;2.6;2.7;1.20;6.1";;
2153.5;Споруди зливових мереж;;;"КС;КС-3-2;КС5";"КС-3;КС-5";"03.12;10.04";"1.12.9;1.20;6.1";;
2153.9;Споруди зрошувального та осушувального господарства інші;;;"СВ-1;СВ-2";"В-1;В-2;В-3;В-4;В-5";10.04;"1.20;6.1";;
2211.1;Нафтопроводи магістральні;ІН-3;ІН-3;"В-1;В-2;В-3;В-4;В-5;В-6;В-7;ТР-1-2";"В-1;В-2;В-3;В-4;В-5;ТР-2";12.06;"1.14.3;3.2.3";"01.01...13;09.01...02;10.01;10.02;10.04;10.05;10.10;11.01...04;14.01;14.02;15.01;15.02;15.03;15.04;15.05;15.06;15.07;15.08;15.09;15.10;12.01...04";"1.1...7;2.1...7;5.1;1.20;6.1;1.10.1...5;3.1.1...3.1.5;1.14.1;1.14.2;1.14.4...10;3.2.1;3.2.2;3.2.4...10;1.12.2;3.3"
2211.2;Газопроводи магістральні;ІН-3;ІН-3;"В-1;В-2;В-3;В-4;В-5;В-6;В-7;ТР-1-2";"В-1;В-2;В-3;В-4;В-5;ТР-2";12.06;"1.14.3;3.2.3";"01.01...13;09.01...02;10.01;10.02;10.04;10.05;10.10;11.01...04;14.01;14.02;15.01;15.02;15.03;15.04;15.05;15.06;15.07;15.08;15.09;15.10;12.01...04";"1.1...7;2.1...7;5.1;1.20;6.1;1.10.1...5;3.1.1...3.1.5;1.14.1;1.14.2;1.14.4...10;3.2.1;3.2.2;3.2.4...10;1.12.2;3.3"
2211.3;Конденсатопроводи та продуктопроводи магістральні;ІН-3;ІН-3;"В-1;В-2;В-3;В-4;В-5;В-6;В-7;ТР-1-2";"В-1;В-2;В-3;В-4;В-5;ТР-2";12.06;"1.14.3;3.2.3";"01.01...13;09.01...02;10.01;10.02;10.04;10.05;10.10;11.01...04;14.01;14.02;15.01;15.02;15.03;15.04;15.05;15.06;15.07;15.08;15.09;15.10;12.01...04";"1.1...7;2.1...7;5.1;1.20;6.1;1.10.1...5;3.1.1...3.1.5;1.14.1;1.14.2;1.14.4...10;3.2.1;3.2.2;3.2.4...10;1.12.2;3.3"
2211.4;Насосні станції на магістральних нафто- та газопроводах;ІН-3;ІН-3;;;12.06;"1.14.3;3.2.3";;
2211.5;Споруди зв’язку на магістральних нафто- та газопроводах;ІН-3;ІН-3;"В-1;В-2;В-3;В-4;В-5;В-6;В-7;ТР-1-2";"В-1;В-2;В-3;В-4;В-5;ТР-2";12.06;"1.14.3;3.2.3";"01.01...13;09.01...02;10.01;10.02;10.04;10.05;10.10;11.01...04;14.01;14.02;15.01;15.02;15.03;15.04;15.05;15.06;15.07;15.08;15.09;15.10;12.01...04";"1.1...7;2.1...7;5.1;1.20;6.1;1.10.1...5;3.1.1...3.1.5;1.14.1;1.14.2;1.14.4...10;3.2.1;3.2.2;3.2.4...10;1.12.2;3.3"
2211.9;Споруди для магістрального трубопровідного транспорту інші;ІН-3;ІН-3;"В-1;В-2;В-3;В-4;В-5;В-6;В-7;ТР-1-2";"В-1;В-2;В-3;В-4;В-5;ТР-2";12.06;"1.14.3;3.2.3";"01.01...13;09.01...02;10.01;10.02;10.04;10.05;10.10;11.01...04;14.01;14.02;15.01;15.02;15.03;15.04;15.05;15.06;15.07;15.08;15.09;15.10;12.01...04";"1.1...7;2.1...7;5.1;1.20;6.1;1.10.1...5;3.1.1...3.1.5;1.14.1;1.14.2;1.14.4...10;3.2.1;3.2.2;3.2.4...10;1.12.2;3.3"
2212.1;Водоводи магістральні та відводи від них;ІН-3;ІН-3;ТР-2;ТР-3;"11.04;12.06";"1.14.3;3.2.3";"01.01...13;09.01...02;10.01;10.02;10.04;10.05;10.10;11.01...04;14.01;14.02;15.01;15.02;15.03;15.04;15.05;15.06;15.07;15.08;15.09;15.10;12.01...04";"1.1...7;2.1...7;5.1;1.20;6.1;1.10.1...5;3.1.1...3.1.5;1.14.1;1.14.2;1.14.4...10;3.2.1;3.2.2;3.2.4...10;1.12.2;3.3"
2212.2;Станції насосні та фільтраційні на магістральних водопроводах;"ІН-2;ІН-3";"ІН-2;ІН-3";;;"11.04;12.06";"1.14.3;3.2.3";;
2212.3;Споруди зв’язку та обслуговування на магістральних водопроводах;ІН-2;ІН-2;ТР-2;ТР-3;"11.04;12.06";"1.14.3;3.2.3";"01.01...13;09.01...02;10.01;10.02;10.04;10.05;10.10;11.01...04;14.01;14.02;15.01;15.02;15.03;15.04;15.05;15.06;15.07;15.08;15.09;15.10;12.01...04";"1.1...7;2.1...7;5.1;1.20;6.1;1.10.1...5;3.1.1...3.1.5;1.14.1;1.14.2;1.14.4...10;3.2.1;3.2.2;3.2.4...10;1.12.2;3.3"
2213.1;Лінії та вузли магістрального телефонного зв’язку;С-1;С-3;всі;всі;"13.01;13.05";"1.14;1.14.9;3.2.9;11.14";всі;всі
2213.2;Релейні системи телебачення та магістральні кабельні мережі;С-1;С-3;всі;всі;"13.01;13.05";"1.14;1.14.9;3.2.9;11.14";всі;всі
2213.3;Споруди та системи радіозв’язку;С-1;С-3;всі;всі;"13.01;13.05";"1.14;1.14.9;3.2.9;11.14";всі;всі
2213.9;Споруди телекомунікацій інші;С-1;С-3;всі;всі;"13.01;13.05";"1.14;1.14.9;3.2.9;11.14";всі;всі
2214.1;Магістральні лінії електропередачі кабельні ? КЛЕП високої напруги;ІН-1;ІН-1;"В-1;В-2;В-3;В-4;В-5;В-6;В-7;КС-1;КС-2;КС-3;КС-4;КС-5;КС-6;КС-7";"В-1;В-2;В-3;В-4;В-5;КС-1;КС-2;КС-3;КС-4;КС-5";14.02;"1.10.3;3.1.3";всі;всі
2214.2;Магістральні лінії електропередачі повітряні ? ЛЕП високої напруги;ІН-1;ІН-1;"В-1;В-2;В-3;В-4;В-5;В-6;В-7;КС-1;КС-2;КС-3;КС-4;КС-5;КС-6;КС-7";"В-1;В-2;В-3;В-4;В-5;КС-1;КС-2;КС-3;КС-4;КС-5";14.02;"1.10.3;3.1.3";всі;всі
2214.3;Лінії електричні розподільні середньої напруги;ІН-1;ІН-1;"В-1;В-2;В-3;В-4;В-5;В-6;В-7;КС-1;КС-2;КС-3;КС-4;КС-5;КС-6;КС-7";"В-1;В-2;В-3;В-4;В-5;КС-1;КС-2;КС-3;КС-4;КС-5";"14.01;14.02";"1.10.3;3.1.3";всі;всі
2214.4;Трансформаторні станції та підстанції магістральних ліній електропередачі;ІН-1;ІН-1;"В-1;В-2;В-3;В-4;В-5;В-6;В-7;КС-1;КС-2;КС-3;КС-4;КС-5;КС-6;КС-7";"В-1;В-2;В-3;В-4;В-5;КС-1;КС-2;КС-3;КС-4;КС-5";"14.01;14.02";"1.10.3;3.1.3";всі;всі
2214.9;Споруди магістральних систем електрозабезпечення інші;ІН-1;ІН-1;"В-1;В-2;В-3;В-4;В-5;В-6;В-7;КС-1;КС-2;КС-3;КС-4;КС-5;КС-6;КС-7";"В-1;В-2;В-3;В-4;В-5;КС-1;КС-2;КС-3;КС-4;КС-5";;;всі;всі
2221.1;Місцеві трубопроводи для транспортування газу;;;"Г-1;Г-2;Г-3;Г-4;Г-5;Г-6;Ж-1;Ж-2;Ж-3;Ж-4;Ж-5;Ж-6;Ж-7;Р-3-3;Р-3-4;Р-4;КЛ;КЛ-1;КЛ-2;КВТ;КВТ-1;КВТ-2;ТР-1;ТР-1-1...4;ТР-2;ТР-2-1;ІН-1...3;КС;КС-1;КС-2;КС-3;КС-4;КС-5;В-1;В-2;В-3;В-4;В-5;В-6;В-7;С-1;С-2;С-3;С-4;СВ-1;СВ-2;ІК-1";"Г-1;Г-2;Г-3;Г-4;Г-5;Ж-1;Ж-2;Ж-3;Ж-4;Р-4;КС;КВТ;ТР-1;ТР-2;ТР-3;ІН-1...3;КС-1;КС-2;КС-3;КС-4;КС-5;В-1;В-2;В-3;В-4;В-5;С-1;С-2;С-3;С-4;С-5;ІК";"12.06;11.04";"1.14.3;3.2.3;3.1.5";всі;всі
2221.2;Споруди допоміжні місцевих газорозподільних систем;;;"Г-1;Г-2;Г-3;Г-4;Г-5;Г-6;Ж-1;Ж-2;Ж-3;Ж-4;Ж-5;Ж-6;Ж-7;Р-3-3;Р-3-4;Р-4;КЛ;КЛ-1;КЛ-2;КВТ;КВТ-1;КВТ-2;ТР-1;ТР-1-1...4;ТР-2;ТР-2-1;ІН-1...3;КС;КС-1;КС-2;КС-3;КС-4;КС-5;В-1;В-2;В-3;В-4;В-5;В-6;В-7;С-1;С-2;С-3;С-4;СВ-1;СВ-2;ІК-1";"Г-1;Г-2;Г-3;Г-4;Г-5;Ж-1;Ж-2;Ж-3;Ж-4;Р-4;КС;КВТ;ТР-1;ТР-2;ТР-3;ІН-1...3;КС-1;КС-2;КС-3;КС-4;КС-5;В-1;В-2;В-3;В-4;В-5;С-1;С-2;С-3;С-4;С-5;ІК";"12.06;11.04";"1.14.3;3.2.3;3.1.5";всі;всі
2222.1;Місцеві водопровідні мережі;;;всі;всі;11.04;"1.14.3;3.2.3";всі;всі
2222.2;Місцеві теплові мережі;;;"Г-1;Г-2;Г-3;Г-4;Г-5;Г-6;Ж-1;Ж-2;Ж-3;Ж-4;Ж-5;Ж-6;Ж-7;Р-3-3;Р-3-4;Р-4;КЛ;КЛ-1;КЛ-2;КВТ;КВТ-1;КВТ-2;ТР-1;ТР-1-1...4;ТР-2;ТР-2-1;ІН-1...3;КС;КС-1;КС-2;КС-3;КС-4;КС-5;В-1;В-2;В-3;В-4;В-5;В-6;В-7;С-1;С-2;С-3;С-4;СВ-1;СВ-2;ІК-1";"Г-1;Г-2;Г-3;Г-4;Г-5;Ж-1;Ж-2;Ж-3;Ж-4;Р-4;КС;КВТ;ТР-1;ТР-2;ТР-3;ІН-1...3;КС-1;КС-2;КС-3;КС-4;КС-5;В-1;В-2;В-3;В-4;В-5;С-1;С-2;С-3;С-4;С-5;ІК";11.04;"1.14.3;3.2.3";всі;всі
2222.3;Місцеві мережі для транспортування пари та стисненого повітря;;;"Г-1;Г-2;Г-3;Г-4;Г-5;Г-6;Ж-1;Ж-2;Ж-3;Ж-4;Ж-5;Ж-6;Ж-7;Р-3-3;Р-3-4;Р-4;КЛ;КЛ-1;КЛ-2;КВТ;КВТ-1;КВТ-2;ТР-1;ТР-1-1...4;ТР-2;ТР-2-1;ІН-1...3;КС;КС-1;КС-2;КС-3;КС-4;КС-5;В-1;В-2;В-3;В-4;В-5;В-6;В-7;С-1;С-2;С-3;С-4;СВ-1;СВ-2;ІК-1";"Г-1;Г-2;Г-3;Г-4;Г-5;Ж-1;Ж-2;Ж-3;Ж-4;Р-4;КС;КВТ;ТР-1;ТР-2;ТР-3;ІН-1...3;КС-1;КС-2;КС-3;КС-4;КС-5;В-1;В-2;В-3;В-4;В-5;С-1;С-2;С-3;С-4;С-5;ІК";11.04;"1.14.3;3.2.3";всі;всі
2222.4;Водяні свердловини, колодязі, бювети;;;всі;всі;"10.04;11.04";"1.20;6.1";всі;всі
2222.5;Водонапірні башти, фонтани;ІН-2;ІН-2;"Г-1;Г-2;Г-3;Г-4;Г-5;Г-6;Ж-1;Ж-2;Ж-3;Ж-4;Ж-5;Ж-6;Ж-7;Р-2;Р-3;Р-4;КЛ;КЛ-1;КЛ-2;КВТ;КВТ-1;КВТ-2;ТР-1;ТР-1-1...4;ТР-2;ТР-2-1;ІН-1...3;КС;КС-1;КС-2;КС-3;КС-4;КС-5;В-1;В-2;В-3;В-4;В-5;В-6;В-7;С-1;С-2;С-3;С-4;СВ-1;СВ-2;ІК-1";"Г-1;Г-2;Г-3;Г-4;Г-5;Ж-1;Ж-2;Ж-3;Ж-4;Р-2;Р-3;Р-4;КС;КВТ;ТР-1;ТР-2;ТР-3;ІН-1...3;КС-1;КС-2;КС-3;КС-4;КС-5;В-1;В-2;В-3;В-4;В-5;С-1;С-2;С-3;С-4;С-5;ІК";11.04;3.1.5;всі;всі
2222.9;Споруди місцевих трубопровідних систем інші;ІН-2;ІН-2;;;;;всі;всі
2223.1;Місцеві каналізаційні та водостічні мережі;;;"Г-1;Г-2;Г-3;Г-4;Г-5;Г-6;Ж-1;Ж-2;Ж-3;Ж-4;Ж-5;Ж-6;Ж-7;Р-3-3;Р-3-4;Р-4;КЛ;КЛ-1;КЛ-2;КВТ;КВТ-1;КВТ-2;ТР-1;ТР-1-1...4;ТР-2;ТР-2-1;ІН-1...3;КС;КС-1;КС-2;КС-3;КС-4;КС-5;В-1;В-2;В-3;В-4;В-5;В-6;В-7;С-1;С-2;С-3;С-4;СВ-1;СВ-2;ІК-1";"Г-1;Г-2;Г-3;Г-4;Г-5;Ж-1;Ж-2;Ж-3;Ж-4;Р-4;КС;КВТ;ТР-1;ТР-2;ТР-3;ІН-1...3;КС-1;КС-2;КС-3;КС-4;КС-5;В-1;В-2;В-3;В-4;В-5;С-1;С-2;С-3;С-4;С-5;ІК";11.04;3.1.5;всі;всі
2223.2;Колектори каналізаційні;;;"Г-1;Г-2;Г-3;Г-4;Г-5;Г-6;Ж-1;Ж-2;Ж-3;Ж-4;Ж-5;Ж-6;Ж-7;Р-3-3;Р-3-4;Р-4;КЛ;КЛ-1;КЛ-2;КВТ;КВТ-1;КВТ-2;ТР-1;ТР-1-1...4;ТР-2;ТР-2-1;ІН-1...3;КС;КС-1;КС-2;КС-3;КС-4;КС-5;В-1;В-2;В-3;В-4;В-5;В-6;В-7;С-1;С-2;С-3;С-4;СВ-1;СВ-2;ІК-1";"Г-1;Г-2;Г-3;Г-4;Г-5;Ж-1;Ж-2;Ж-3;Ж-4;Р-4;КС;КВТ;ТР-1;ТР-2;ТР-3;ІН-1...3;КС-1;КС-2;КС-3;КС-4;КС-5;В-1;В-2;В-3;В-4;В-5;С-1;С-2;С-3;С-4;С-5;ІК";11.04;3.1.5;всі;всі
2223.3;Установки для перероблення стічних вод;ІН-2;ІН-2;;;11.04;3.1.5;;
2224.1;Місцеві електросилові мережі;ІН-1;ІН-1;;;"11.04;14.02";"3.1.5;1.10.3;3.1.3";всі;всі
2224.2;Тролейбусні лінії;ТР-2;ТР-3;"ТР-1;ТР-1-2;ТР-1-3";ТР-2;12.07;"1.14;1.14.7;1.14.8;3.2.7;3.2.8";18.00;1.12.9
2224.3;Трансформаторні станції та підстанції місцевих електромереж;ІН-1;ІН-1;всі;всі;14.02;"1.10.3;3.1.3";всі;всі
2224.4;Місцеві телекомунікаційні лінії;;;всі;всі;13.05;"11.14;1.14.9";всі;всі
2224.5;Місцеві телевізійні кабельні мережі;;;всі;всі;13.05;"11.14;1.14.9";всі;всі
2224.9;Споруди місцевих електричних та телекомунікаційних мереж інші;ІН-1;ІН-1;всі;всі;13.05;"11.14;1.14.9";всі;всі
2301.1;Споруди підприємств нафтодобувної та газової промисловості;В-1…7;В-1…5;;;11.01;"1.10.1;3.1.1";11.02;"1.10;1.10.2;1.10.5;1.13.1;3.1;3.1.2;3.1.5"
2301.2;Шахти та споруди підприємств з добування вугілля та сланцю;В-1…7;В-1…5;;;11.01;"1.10.1;3.1.1";11.02;"1.10;1.10.2;1.10.5;1.13.1;3.1;3.1.2;3.1.5"
2301.3;Споруди підприємств торф’яної промисловості;В-1…7;В-1…5;;;11.01;"1.10.1;3.1.1";11.02;"1.10;1.10.2;1.10.5;1.13.1;3.1;3.1.2;3.1.5"
2301.4;Споруди підприємств з добування та збагачення рудної сировини для виробництва чорних металів;В-1…7;В-1…5;;;11.01;"1.10.1;3.1.1";11.02;"1.10;1.10.2;1.10.5;1.13.1;3.1;3.1.2;3.1.5"
2301.5;Споруди підприємств з добування та збагачення рудної сировини для виробництва кольорових металів;В-1…7;В-1…5;;;11.01;"1.10.1;3.1.1";11.02;"1.10;1.10.2;1.10.5;1.13.1;3.1;3.1.2;3.1.5"
2301.7;Споруди підприємств виробництва будівельних матеріалів (гіпсові, цементні, цегельні, черепичні заводи тощо);В-1…7;В-1…5;;;11.02;"1.10;1.10.2;1.10.5;1.13.1;3.1;3.1.2;3.1.5";11.01;"1.10.1;3.1.1"
2301.8;Споруди підприємств лісозаготівельної промисловості;В-1…7;В-1…5;;;09.02;"1.19;5.1";"09.01;11.02";"1.10;1.10.2;1.10.5;1.13.1;3.1;3.1.2;3.1.5"
2301.9;Споруди гірничопромислових та добувних підприємств інші;В-1…7;В-1…5;;;11.01;"1.10.1;3.1.1";11.02;"1.10;1.10.2;1.10.5;1.13.1;3.1;3.1.2;3.1.5"
2302.1;Електростанції гідравлічні та гідроакумуляційні;ІН-1;ІН-1;В-1…7;В-1…5;14.01;"1.10.3;3.1.3";14.02;"1.10.3;3.1.3"
2302.2;Електростанції теплові;ІН-1;ІН-1;В-1…7;В-1…5;14.01;"1.10.3;3.1.3";14.02;"1.10.3;3.1.3"
2302.3;Електростанції атомні;ІН-1;ІН-1;В-1…7;В-1…5;14.01;"1.10.3;3.1.3";14.02;"1.10.3;3.1.3"
2302.4;Електростанції на нетрадиційних джерелах енергії;ІН-1;ІН-1;В-1…7;В-1…5;14.01;"1.10.3;3.1.3";;
2302.5;Споруди підприємств зі збагачення та перероблення ядерних матеріалів;;;В-1…7;В-1…5;11.01;"1.10.1;3.1.1";11.02;"1.10;1.10.2;1.10.5;1.13.1;3.1;3.1.2;3.1.5"
2302.6;Споруди підприємств зі спалювання відходів;;;"КС;КС-1;КС-2;КС3;КС4;КС5;В-1…7";"КС-1;КС-2;КС-3;КС-4;КС-5;В-1…5";"14.01;11.02;11.04";"1.10.3;3.1.3;1.10;1.10.2;1.10.5;1.13.1;3.1;3.1.2;3.1.5";;
2302.9;Споруди підприємств електро- та теплоенергетики інші;ІН-1;ІН-1;В-1…7;В-1…5;14.01;"1.10.3;3.1.3";14.02;"1.10.3;3.1.3"
2303.1;Споруди підприємств содової, хлорної промисловості та з виробництва пластичних мас;В-1…7;В-1…5;;;11.02;"1.10;1.10.2;1.10.5;1.13.1;3.1;3.1.2;3.1.5";;
2303.2;Споруди підприємств лакофарбової промисловості та побутової хімії;В-1…7;В-1…5;;;11.02;"1.10;1.10.2;1.10.5;1.13.1;3.1;3.1.2;3.1.5";;
2303.3;Споруди нафтохімічних та нафтопереробних підприємств;В-1…7;В-1…5;;;11.02;"1.10;1.10.2;1.10.5;1.13.1;3.1;3.1.2;3.1.5";;
2303.4;Споруди коксохімічних заводів;В-1…7;В-1…5;;;11.02;"1.10;1.10.2;1.10.5;1.13.1;3.1;3.1.2;3.1.5";;
2303.5;Споруди підприємств з виробництва продуктів основного органічного синтезу та синтетичного каучуку;В-1…7;В-1…5;;;11.02;"1.10;1.10.2;1.10.5;1.13.1;3.1;3.1.2;3.1.5";;
2303.6;Термінали для нафтопродуктів портові та прибережні;В-1…7;В-1…5;"ТР-1;ТР-1-2";ТР-2;"10.03;10.04;12.02;12.03";"1.20;6.1;1.14;1.14.4;1.14.5;3.2;3.2.4;3.2.5";11.02;"1.10;1.10.2;1.10.5;1.13.1;3.1;3.1.2;3.1.5"
2303.9;Споруди підприємств хімічної промисловості інші;В-1…7;В-1…5;;;11.02;"1.10;1.10.2;1.10.5;1.13.1;3.1;3.1.2;3.1.5";;
2304.1;Споруди агломераційного та доменного виробництва;В-1…7;В-1…5;;;11.02;"1.10;1.10.2;1.10.5;1.13.1;3.1;3.1.2;3.1.5";;
2304.2;Споруди сталеплавильного виробництва;В-1…7;В-1…5;;;11.02;"1.10;1.10.2;1.10.5;1.13.1;3.1;3.1.2;3.1.5";;
2304.3;Споруди прокатного виробництва;В-1…7;В-1…5;;;11.02;"1.10;1.10.2;1.10.5;1.13.1;3.1;3.1.2;3.1.5";;
2304.4;Споруди трубного та метизного виробництва;В-1…7;В-1…5;;;11.02;"1.10;1.10.2;1.10.5;1.13.1;3.1;3.1.2;3.1.5";;
2304.5;Споруди феросплавного виробництва;В-1…7;В-1…5;;;11.02;"1.10;1.10.2;1.10.5;1.13.1;3.1;3.1.2;3.1.5";;
2304.6;Споруди вогнетривкого виробництва;В-1…7;В-1…5;;;11.02;"1.10;1.10.2;1.10.5;1.13.1;3.1;3.1.2;3.1.5";;
2304.7;Споруди підприємств кольорової металургії;В-1…7;В-1…5;;;11.02;"1.10;1.10.2;1.10.5;1.13.1;3.1;3.1.2;3.1.5";;
2304.9;Споруди підприємств металургійної промисловості інші;В-1…7;В-1…5;;;11.02;"1.10;1.10.2;1.10.5;1.13.1;3.1;3.1.2;3.1.5";;
2411.1;Стадіони та майданчики для занять спортом на відкритому повітрі;Г-4-1;Г-3;"Ж-1;Ж-2;Ж-3;Ж-4;Ж-5;Ж-6;Ж-7;Р-2;Р-3;Р-3-1;Р-3-2;Р-4;КЛ;КЛ-1;КЛ-2;КВТ;КВТ-1;КВТ-2";"Ж-1..5;Р-2;Р-3;Р-4;КС;КВТ";07.02;"1.12.7;1.17;4.3";"02.02;02.03;02.04;02.07;03.02";"1.9;1.13;1.13.1;1.13.2;1.13.3;1.12.3"
2411.2;Треки та поля для автомобільного, велосипедного та кінного спорту;Г-4-2;Г-4;"Р-2;Р-3;Р-3-1;Р-3-2;КВТ;КВТ-1;КВТ-2";"Р-2;Р-3;КВТ";07.02;1.12.7;07.01;"1.17;4.3"
2411.3;Споруди для занять водним спортом;Г-4-3;Г-5;"Р-2;КЛ;КЛ-1;КЛ-2;КВТ;КВТ-1;КВТ-2";"Р-2;КС;КВТ";"07.02;10.08";1.12.7;;"1.17;4.3"
2412.1;Споруди для морехідних видів спорту та відпочинку;Г-4-3;Г-5;"Р-2;КВТ;КВТ-1;КВТ-2";"Р-2;КВТ";"07.02;10.08";1.12.7;07.01;"1.17;4.3"
2412.2;Споруди для зимових та гірських видів спорту та відпочинку;Г-4-3;Г-5;"Р-2;КВТ;КВТ-1;КВТ-2";"Р-2;КВТ";07.02;1.12.7;07.01;"1.17;4.3"
2412.3;Льотні поля та поля для парашутного спорту;;;"ТР-1-4;Г-4-3";"ТР-2;Г-5";07.02;1.12.7;12.05;"1.14;1.14.6;3.2;3.2.6"
2412.4;Споруди кінних центрів;Г-4-3;Г-5;;;07.02;1.12.7;;
2412.5;Громадські сади та парки для розваг і відпочинку;"Р-3;Р-3-1";Р-3;;;18.00;;;1.12.9
2412.6;Споруди зоологічних та ботанічних садів;"Р-1;Г-3";"Р-1;Г-2";"Г-1;Г-2";Г-1;"04.04;04.05";"1.15;4.1";"03.02;03.11";"1.12.3;1.11.5"
2412.7;Майданчики для гри в гольф;Г-4-3;Г-5;;;07.02;1.12.7;07.01;"1.17;4.3"
2420.1;Військові випробувальні центри;С-2;С-4;;;"15.01;15.02;15.03;15.04;15.05;15.06;15.07;15.08;15.09;15.10";"1.12.2;3.3";;
2420.2;Військові полігони та стрільбища;С-2;С-4;;;"15.01;15.02;15.03;15.04;15.05;15.06;15.07;15.08;15.09;15.10";"1.12.2;3.3";;
2420.3;Військові інженерні фортифікаційні споруди;С-2;С-4;;;"15.01;15.02;15.03;15.04;15.05;15.06;15.07;15.08;15.09;15.10";"1.12.2;3.3";;
2420.4;Космодроми та дільниці для запуску супутників;;;С-2;С-4;;;"15.01;15.02;15.03;15.04;15.05;15.06;15.07;15.08;15.09;15.10";"1.12.2;3.3"
2420.5;Полігони складування побутових відходів;"КС-1;КС-2;КС-3;КС-4;КС-5;КС-6;КС-7";"КС-1;КС-2;КС-3;КС-4;КС-5";;;11.04;3.1.5;;
2420.6;Споруди по знешкодженню та захороненню шкідливих промислових відходів;"КС-1;КС-2;КС-3;КС-4;КС-5;КС-6;КС-7;В-1;В-2;В-3;В-4;В-5;В-6;В-7";"КС-1;КС-2;КС-3;КС-4;КС-5;В-1;В-2;В-3;В-4;В-5";;;11.04;3.1.5;"11.01;11.02;11.03";"1.10;1.10.1;1.10.2;1.10.4;1.10.5;1.13.1;3.1;3.1.1;3.1.2;3.1.4;3.1.5"
2420.7;Відвали гірничих розробок;"В-1;В-2;В-3;В-4;В-5;В-6;В-7";"В-1;В-2;В-3;В-4;В-5";;;11.01;"1.10.1;3.1.1";;